Event,Year or Date,2025,2026,2027,2028,2029,2030,2031,2032,2033,2034,2035,2036,2037,2038,2039,2040,2041,2042,2043,2044,2045,2046,2047,2048,2049,2050,2051,2052,2053,2054,2055,2056,2057,2058,2059,2060,2061,2062,2063,2064,2065,2066,2067,2068,2069,2070,2071,2072,2073,2074,2075,2076,2077,2078,2079,2080,2081,2082,2083,2084,2085,2086,2087,2088,2089,2090,2091,2092,2093,2094,2095,2096,2097,2098,2099,2100
Ash Wed,,"Wednesday, March 5, 2025","Wednesday, February 18, 2026","Wednesday, February 10, 2027","Wednesday, March 1, 2028","Wednesday, February 14, 2029","Wednesday, March 6, 2030","Wednesday, February 26, 2031","Wednesday, February 11, 2032","Wednesday, March 2, 2033","Wednesday, February 22, 2034","Wednesday, February 7, 2035","Wednesday, February 27, 2036","Wednesday, February 18, 2037","Wednesday, March 10, 2038","Wednesday, February 23, 2039","Wednesday, February 15, 2040","Wednesday, March 6, 2041","Wednesday, February 19, 2042","Wednesday, February 11, 2043","Wednesday, March 2, 2044","Wednesday, February 22, 2045","Wednesday, February 7, 2046","Wednesday, February 27, 2047","Wednesday, February 19, 2048","Wednesday, March 3, 2049","Wednesday, February 23, 2050","Wednesday, February 15, 2051","Wednesday, March 6, 2052","Wednesday, February 19, 2053","Wednesday, February 11, 2054","Wednesday, March 3, 2055","Wednesday, February 16, 2056","Wednesday, March 7, 2057","Wednesday, February 27, 2058","Wednesday, February 12, 2059","Wednesday, March 3, 2060","Wednesday, February 23, 2061","Wednesday, February 15, 2062","Wednesday, March 7, 2063","Wednesday, February 20, 2064","Wednesday, February 11, 2065","Wednesday, February 24, 2066","Wednesday, February 16, 2067","Wednesday, March 7, 2068","Wednesday, February 27, 2069","Wednesday, February 12, 2070","Wednesday, March 4, 2071","Wednesday, February 24, 2072","Wednesday, February 8, 2073","Wednesday, February 28, 2074","Wednesday, February 20, 2075","Wednesday, March 4, 2076","Wednesday, February 24, 2077","Wednesday, February 16, 2078","Wednesday, March 8, 2079","Wednesday, February 21, 2080","Wednesday, February 12, 2081","Wednesday, March 4, 2082","Wednesday, February 17, 2083","Wednesday, March 8, 2084","Wednesday, February 28, 2085","Wednesday, February 13, 2086","Wednesday, March 5, 2087","Wednesday, February 25, 2088","Wednesday, February 16, 2089","Wednesday, March 8, 2090","Wednesday, February 21, 2091","Wednesday, February 13, 2092","Wednesday, February 25, 2093","Wednesday, February 17, 2094","Wednesday, March 9, 2095","Wednesday, February 29, 2096","Wednesday, February 13, 2097","Wednesday, March 5, 2098","Wednesday, February 25, 2099","Wednesday, February 10, 2100"
40 Day Fast,,"Tuesday, March 11, 2025","Tuesday, February 24, 2026","Tuesday, February 16, 2027","Tuesday, March 7, 2028","Tuesday, February 20, 2029","Tuesday, March 12, 2030","Tuesday, March 4, 2031","Tuesday, February 17, 2032","Tuesday, March 8, 2033","Tuesday, February 28, 2034","Tuesday, February 13, 2035","Tuesday, March 4, 2036","Tuesday, February 24, 2037","Tuesday, March 16, 2038","Tuesday, March 1, 2039","Tuesday, February 21, 2040","Tuesday, March 12, 2041","Tuesday, February 25, 2042","Tuesday, February 17, 2043","Tuesday, March 8, 2044","Tuesday, February 28, 2045","Tuesday, February 13, 2046","Tuesday, March 5, 2047","Tuesday, February 25, 2048","Tuesday, March 9, 2049","Tuesday, March 1, 2050","Tuesday, February 21, 2051","Tuesday, March 12, 2052","Tuesday, February 25, 2053","Tuesday, February 17, 2054","Tuesday, March 9, 2055","Tuesday, February 22, 2056","Tuesday, March 13, 2057","Tuesday, March 5, 2058","Tuesday, February 18, 2059","Tuesday, March 9, 2060","Tuesday, March 1, 2061","Tuesday, February 21, 2062","Tuesday, March 13, 2063","Tuesday, February 26, 2064","Tuesday, February 17, 2065","Tuesday, March 2, 2066","Tuesday, February 22, 2067","Tuesday, March 13, 2068","Tuesday, March 5, 2069","Tuesday, February 18, 2070","Tuesday, March 10, 2071","Tuesday, March 1, 2072","Tuesday, February 14, 2073","Tuesday, March 6, 2074","Tuesday, February 26, 2075","Tuesday, March 10, 2076","Tuesday, March 2, 2077","Tuesday, February 22, 2078","Tuesday, March 14, 2079","Tuesday, February 27, 2080","Tuesday, February 18, 2081","Tuesday, March 10, 2082","Tuesday, February 23, 2083","Tuesday, March 14, 2084","Tuesday, March 6, 2085","Tuesday, February 19, 2086","Tuesday, March 11, 2087","Tuesday, March 2, 2088","Tuesday, February 22, 2089","Tuesday, March 14, 2090","Tuesday, February 27, 2091","Tuesday, February 19, 2092","Tuesday, March 3, 2093","Tuesday, February 23, 2094","Tuesday, March 15, 2095","Tuesday, March 6, 2096","Tuesday, February 19, 2097","Tuesday, March 11, 2098","Tuesday, March 3, 2099","Tuesday, February 16, 2100"
Palm Sunday,,"Sunday, April 13, 2025","Sunday, March 29, 2026","Sunday, March 21, 2027","Sunday, April 9, 2028","Sunday, March 25, 2029","Sunday, April 14, 2030","Sunday, April 6, 2031","Sunday, March 21, 2032","Sunday, April 10, 2033","Sunday, April 2, 2034","Sunday, March 18, 2035","Sunday, April 6, 2036","Sunday, March 29, 2037","Sunday, April 18, 2038","Sunday, April 3, 2039","Sunday, March 25, 2040","Sunday, April 14, 2041","Sunday, March 30, 2042","Sunday, March 22, 2043","Sunday, April 10, 2044","Sunday, April 2, 2045","Sunday, March 18, 2046","Sunday, April 7, 2047","Sunday, March 29, 2048","Sunday, April 11, 2049","Sunday, April 3, 2050","Sunday, March 26, 2051","Sunday, April 14, 2052","Sunday, March 30, 2053","Sunday, March 22, 2054","Sunday, April 11, 2055","Sunday, March 26, 2056","Sunday, April 15, 2057","Sunday, April 7, 2058","Sunday, March 23, 2059","Sunday, April 11, 2060","Sunday, April 3, 2061","Sunday, March 26, 2062","Sunday, April 15, 2063","Sunday, March 30, 2064","Sunday, March 22, 2065","Sunday, April 4, 2066","Sunday, March 27, 2067","Sunday, April 15, 2068","Sunday, April 7, 2069","Sunday, March 23, 2070","Sunday, April 12, 2071","Sunday, April 3, 2072","Sunday, March 19, 2073","Sunday, April 8, 2074","Sunday, March 31, 2075","Sunday, April 12, 2076","Sunday, April 4, 2077","Sunday, March 27, 2078","Sunday, April 16, 2079","Sunday, March 31, 2080","Sunday, March 23, 2081","Sunday, April 12, 2082","Sunday, March 28, 2083","Sunday, April 16, 2084","Sunday, April 8, 2085","Sunday, March 24, 2086","Sunday, April 13, 2087","Sunday, April 4, 2088","Sunday, March 27, 2089","Sunday, April 16, 2090","Sunday, April 1, 2091","Sunday, March 23, 2092","Sunday, April 5, 2093","Sunday, March 28, 2094","Sunday, April 17, 2095","Sunday, April 8, 2096","Sunday, March 24, 2097","Sunday, April 13, 2098","Sunday, April 5, 2099","Sunday, March 21, 2100"
Holy Monday,,"Monday, April 14, 2025","Monday, March 30, 2026","Monday, March 22, 2027","Monday, April 10, 2028","Monday, March 26, 2029","Monday, April 15, 2030","Monday, April 7, 2031","Monday, March 22, 2032","Monday, April 11, 2033","Monday, April 3, 2034","Monday, March 19, 2035","Monday, April 7, 2036","Monday, March 30, 2037","Monday, April 19, 2038","Monday, April 4, 2039","Monday, March 26, 2040","Monday, April 15, 2041","Monday, March 31, 2042","Monday, March 23, 2043","Monday, April 11, 2044","Monday, April 3, 2045","Monday, March 19, 2046","Monday, April 8, 2047","Monday, March 30, 2048","Monday, April 12, 2049","Monday, April 4, 2050","Monday, March 27, 2051","Monday, April 15, 2052","Monday, March 31, 2053","Monday, March 23, 2054","Monday, April 12, 2055","Monday, March 27, 2056","Monday, April 16, 2057","Monday, April 8, 2058","Monday, March 24, 2059","Monday, April 12, 2060","Monday, April 4, 2061","Monday, March 27, 2062","Monday, April 16, 2063","Monday, March 31, 2064","Monday, March 23, 2065","Monday, April 5, 2066","Monday, March 28, 2067","Monday, April 16, 2068","Monday, April 8, 2069","Monday, March 24, 2070","Monday, April 13, 2071","Monday, April 4, 2072","Monday, March 20, 2073","Monday, April 9, 2074","Monday, April 1, 2075","Monday, April 13, 2076","Monday, April 5, 2077","Monday, March 28, 2078","Monday, April 17, 2079","Monday, April 1, 2080","Monday, March 24, 2081","Monday, April 13, 2082","Monday, March 29, 2083","Monday, April 17, 2084","Monday, April 9, 2085","Monday, March 25, 2086","Monday, April 14, 2087","Monday, April 5, 2088","Monday, March 28, 2089","Monday, April 17, 2090","Monday, April 2, 2091","Monday, March 24, 2092","Monday, April 6, 2093","Monday, March 29, 2094","Monday, April 18, 2095","Monday, April 9, 2096","Monday, March 25, 2097","Monday, April 14, 2098","Monday, April 6, 2099","Monday, March 22, 2100"
Holy Tuesday,,"Tuesday, April 15, 2025","Tuesday, March 31, 2026","Tuesday, March 23, 2027","Tuesday, April 11, 2028","Tuesday, March 27, 2029","Tuesday, April 16, 2030","Tuesday, April 8, 2031","Tuesday, March 23, 2032","Tuesday, April 12, 2033","Tuesday, April 4, 2034","Tuesday, March 20, 2035","Tuesday, April 8, 2036","Tuesday, March 31, 2037","Tuesday, April 20, 2038","Tuesday, April 5, 2039","Tuesday, March 27, 2040","Tuesday, April 16, 2041","Tuesday, April 1, 2042","Tuesday, March 24, 2043","Tuesday, April 12, 2044","Tuesday, April 4, 2045","Tuesday, March 20, 2046","Tuesday, April 9, 2047","Tuesday, March 31, 2048","Tuesday, April 13, 2049","Tuesday, April 5, 2050","Tuesday, March 28, 2051","Tuesday, April 16, 2052","Tuesday, April 1, 2053","Tuesday, March 24, 2054","Tuesday, April 13, 2055","Tuesday, March 28, 2056","Tuesday, April 17, 2057","Tuesday, April 9, 2058","Tuesday, March 25, 2059","Tuesday, April 13, 2060","Tuesday, April 5, 2061","Tuesday, March 28, 2062","Tuesday, April 17, 2063","Tuesday, April 1, 2064","Tuesday, March 24, 2065","Tuesday, April 6, 2066","Tuesday, March 29, 2067","Tuesday, April 17, 2068","Tuesday, April 9, 2069","Tuesday, March 25, 2070","Tuesday, April 14, 2071","Tuesday, April 5, 2072","Tuesday, March 21, 2073","Tuesday, April 10, 2074","Tuesday, April 2, 2075","Tuesday, April 14, 2076","Tuesday, April 6, 2077","Tuesday, March 29, 2078","Tuesday, April 18, 2079","Tuesday, April 2, 2080","Tuesday, March 25, 2081","Tuesday, April 14, 2082","Tuesday, March 30, 2083","Tuesday, April 18, 2084","Tuesday, April 10, 2085","Tuesday, March 26, 2086","Tuesday, April 15, 2087","Tuesday, April 6, 2088","Tuesday, March 29, 2089","Tuesday, April 18, 2090","Tuesday, April 3, 2091","Tuesday, March 25, 2092","Tuesday, April 7, 2093","Tuesday, March 30, 2094","Tuesday, April 19, 2095","Tuesday, April 10, 2096","Tuesday, March 26, 2097","Tuesday, April 15, 2098","Tuesday, April 7, 2099","Tuesday, March 23, 2100"
Holy Wednesday,,"Wednesday, April 16, 2025","Wednesday, April 1, 2026","Wednesday, March 24, 2027","Wednesday, April 12, 2028","Wednesday, March 28, 2029","Wednesday, April 17, 2030","Wednesday, April 9, 2031","Wednesday, March 24, 2032","Wednesday, April 13, 2033","Wednesday, April 5, 2034","Wednesday, March 21, 2035","Wednesday, April 9, 2036","Wednesday, April 1, 2037","Wednesday, April 21, 2038","Wednesday, April 6, 2039","Wednesday, March 28, 2040","Wednesday, April 17, 2041","Wednesday, April 2, 2042","Wednesday, March 25, 2043","Wednesday, April 13, 2044","Wednesday, April 5, 2045","Wednesday, March 21, 2046","Wednesday, April 10, 2047","Wednesday, April 1, 2048","Wednesday, April 14, 2049","Wednesday, April 6, 2050","Wednesday, March 29, 2051","Wednesday, April 17, 2052","Wednesday, April 2, 2053","Wednesday, March 25, 2054","Wednesday, April 14, 2055","Wednesday, March 29, 2056","Wednesday, April 18, 2057","Wednesday, April 10, 2058","Wednesday, March 26, 2059","Wednesday, April 14, 2060","Wednesday, April 6, 2061","Wednesday, March 29, 2062","Wednesday, April 18, 2063","Wednesday, April 2, 2064","Wednesday, March 25, 2065","Wednesday, April 7, 2066","Wednesday, March 30, 2067","Wednesday, April 18, 2068","Wednesday, April 10, 2069","Wednesday, March 26, 2070","Wednesday, April 15, 2071","Wednesday, April 6, 2072","Wednesday, March 22, 2073","Wednesday, April 11, 2074","Wednesday, April 3, 2075","Wednesday, April 15, 2076","Wednesday, April 7, 2077","Wednesday, March 30, 2078","Wednesday, April 19, 2079","Wednesday, April 3, 2080","Wednesday, March 26, 2081","Wednesday, April 15, 2082","Wednesday, March 31, 2083","Wednesday, April 19, 2084","Wednesday, April 11, 2085","Wednesday, March 27, 2086","Wednesday, April 16, 2087","Wednesday, April 7, 2088","Wednesday, March 30, 2089","Wednesday, April 19, 2090","Wednesday, April 4, 2091","Wednesday, March 26, 2092","Wednesday, April 8, 2093","Wednesday, March 31, 2094","Wednesday, April 20, 2095","Wednesday, April 11, 2096","Wednesday, March 27, 2097","Wednesday, April 16, 2098","Wednesday, April 8, 2099","Wednesday, March 24, 2100"
Holy Thursday,,"Thursday, April 17, 2025","Thursday, April 2, 2026","Thursday, March 25, 2027","Thursday, April 13, 2028","Thursday, March 29, 2029","Thursday, April 18, 2030","Thursday, April 10, 2031","Thursday, March 25, 2032","Thursday, April 14, 2033","Thursday, April 6, 2034","Thursday, March 22, 2035","Thursday, April 10, 2036","Thursday, April 2, 2037","Thursday, April 22, 2038","Thursday, April 7, 2039","Thursday, March 29, 2040","Thursday, April 18, 2041","Thursday, April 3, 2042","Thursday, March 26, 2043","Thursday, April 14, 2044","Thursday, April 6, 2045","Thursday, March 22, 2046","Thursday, April 11, 2047","Thursday, April 2, 2048","Thursday, April 15, 2049","Thursday, April 7, 2050","Thursday, March 30, 2051","Thursday, April 18, 2052","Thursday, April 3, 2053","Thursday, March 26, 2054","Thursday, April 15, 2055","Thursday, March 30, 2056","Thursday, April 19, 2057","Thursday, April 11, 2058","Thursday, March 27, 2059","Thursday, April 15, 2060","Thursday, April 7, 2061","Thursday, March 30, 2062","Thursday, April 19, 2063","Thursday, April 3, 2064","Thursday, March 26, 2065","Thursday, April 8, 2066","Thursday, March 31, 2067","Thursday, April 19, 2068","Thursday, April 11, 2069","Thursday, March 27, 2070","Thursday, April 16, 2071","Thursday, April 7, 2072","Thursday, March 23, 2073","Thursday, April 12, 2074","Thursday, April 4, 2075","Thursday, April 16, 2076","Thursday, April 8, 2077","Thursday, March 31, 2078","Thursday, April 20, 2079","Thursday, April 4, 2080","Thursday, March 27, 2081","Thursday, April 16, 2082","Thursday, April 1, 2083","Thursday, April 20, 2084","Thursday, April 12, 2085","Thursday, March 28, 2086","Thursday, April 17, 2087","Thursday, April 8, 2088","Thursday, March 31, 2089","Thursday, April 20, 2090","Thursday, April 5, 2091","Thursday, March 27, 2092","Thursday, April 9, 2093","Thursday, April 1, 2094","Thursday, April 21, 2095","Thursday, April 12, 2096","Thursday, March 28, 2097","Thursday, April 17, 2098","Thursday, April 9, 2099","Thursday, March 25, 2100"
Good Friday,,"Friday, April 18, 2025","Friday, April 3, 2026","Friday, March 26, 2027","Friday, April 14, 2028","Friday, March 30, 2029","Friday, April 19, 2030","Friday, April 11, 2031","Friday, March 26, 2032","Friday, April 15, 2033","Friday, April 7, 2034","Friday, March 23, 2035","Friday, April 11, 2036","Friday, April 3, 2037","Friday, April 23, 2038","Friday, April 8, 2039","Friday, March 30, 2040","Friday, April 19, 2041","Friday, April 4, 2042","Friday, March 27, 2043","Friday, April 15, 2044","Friday, April 7, 2045","Friday, March 23, 2046","Friday, April 12, 2047","Friday, April 3, 2048","Friday, April 16, 2049","Friday, April 8, 2050","Friday, March 31, 2051","Friday, April 19, 2052","Friday, April 4, 2053","Friday, March 27, 2054","Friday, April 16, 2055","Friday, March 31, 2056","Friday, April 20, 2057","Friday, April 12, 2058","Friday, March 28, 2059","Friday, April 16, 2060","Friday, April 8, 2061","Friday, March 31, 2062","Friday, April 20, 2063","Friday, April 4, 2064","Friday, March 27, 2065","Friday, April 9, 2066","Friday, April 1, 2067","Friday, April 20, 2068","Friday, April 12, 2069","Friday, March 28, 2070","Friday, April 17, 2071","Friday, April 8, 2072","Friday, March 24, 2073","Friday, April 13, 2074","Friday, April 5, 2075","Friday, April 17, 2076","Friday, April 9, 2077","Friday, April 1, 2078","Friday, April 21, 2079","Friday, April 5, 2080","Friday, March 28, 2081","Friday, April 17, 2082","Friday, April 2, 2083","Friday, April 21, 2084","Friday, April 13, 2085","Friday, March 29, 2086","Friday, April 18, 2087","Friday, April 9, 2088","Friday, April 1, 2089","Friday, April 21, 2090","Friday, April 6, 2091","Friday, March 28, 2092","Friday, April 10, 2093","Friday, April 2, 2094","Friday, April 22, 2095","Friday, April 13, 2096","Friday, March 29, 2097","Friday, April 18, 2098","Friday, April 10, 2099","Friday, March 26, 2100"
Holy Sat,,"Saturday, April 19, 2025","Saturday, April 4, 2026","Saturday, March 27, 2027","Saturday, April 15, 2028","Saturday, March 31, 2029","Saturday, April 20, 2030","Saturday, April 12, 2031","Saturday, March 27, 2032","Saturday, April 16, 2033","Saturday, April 8, 2034","Saturday, March 24, 2035","Saturday, April 12, 2036","Saturday, April 4, 2037","Saturday, April 24, 2038","Saturday, April 9, 2039","Saturday, March 31, 2040","Saturday, April 20, 2041","Saturday, April 5, 2042","Saturday, March 28, 2043","Saturday, April 16, 2044","Saturday, April 8, 2045","Saturday, March 24, 2046","Saturday, April 13, 2047","Saturday, April 4, 2048","Saturday, April 17, 2049","Saturday, April 9, 2050","Saturday, April 1, 2051","Saturday, April 20, 2052","Saturday, April 5, 2053","Saturday, March 28, 2054","Saturday, April 17, 2055","Saturday, April 1, 2056","Saturday, April 21, 2057","Saturday, April 13, 2058","Saturday, March 29, 2059","Saturday, April 17, 2060","Saturday, April 9, 2061","Saturday, April 1, 2062","Saturday, April 21, 2063","Saturday, April 5, 2064","Saturday, March 28, 2065","Saturday, April 10, 2066","Saturday, April 2, 2067","Saturday, April 21, 2068","Saturday, April 13, 2069","Saturday, March 29, 2070","Saturday, April 18, 2071","Saturday, April 9, 2072","Saturday, March 25, 2073","Saturday, April 14, 2074","Saturday, April 6, 2075","Saturday, April 18, 2076","Saturday, April 10, 2077","Saturday, April 2, 2078","Saturday, April 22, 2079","Saturday, April 6, 2080","Saturday, March 29, 2081","Saturday, April 18, 2082","Saturday, April 3, 2083","Saturday, April 22, 2084","Saturday, April 14, 2085","Saturday, March 30, 2086","Saturday, April 19, 2087","Saturday, April 10, 2088","Saturday, April 2, 2089","Saturday, April 22, 2090","Saturday, April 7, 2091","Saturday, March 29, 2092","Saturday, April 11, 2093","Saturday, April 3, 2094","Saturday, April 23, 2095","Saturday, April 14, 2096","Saturday, March 30, 2097","Saturday, April 19, 2098","Saturday, April 11, 2099","Saturday, March 27, 2100"
Easter Sunday,,"Sunday, April 20, 2025","Sunday, April 5, 2026","Sunday, March 28, 2027","Sunday, April 16, 2028","Sunday, April 1, 2029","Sunday, April 21, 2030","Sunday, April 13, 2031","Sunday, March 28, 2032","Sunday, April 17, 2033","Sunday, April 9, 2034","Sunday, March 25, 2035","Sunday, April 13, 2036","Sunday, April 5, 2037","Sunday, April 25, 2038","Sunday, April 10, 2039","Sunday, April 1, 2040","Sunday, April 21, 2041","Sunday, April 6, 2042","Sunday, March 29, 2043","Sunday, April 17, 2044","Sunday, April 9, 2045","Sunday, March 25, 2046","Sunday, April 14, 2047","Sunday, April 5, 2048","Sunday, April 18, 2049","Sunday, April 10, 2050","Sunday, April 2, 2051","Sunday, April 21, 2052","Sunday, April 6, 2053","Sunday, March 29, 2054","Sunday, April 18, 2055","Sunday, April 2, 2056","Sunday, April 22, 2057","Sunday, April 14, 2058","Sunday, March 30, 2059","Sunday, April 18, 2060","Sunday, April 10, 2061","Sunday, April 2, 2062","Sunday, April 22, 2063","Sunday, April 6, 2064","Sunday, March 29, 2065","Sunday, April 11, 2066","Sunday, April 3, 2067","Sunday, April 22, 2068","Sunday, April 14, 2069","Sunday, March 30, 2070","Sunday, April 19, 2071","Sunday, April 10, 2072","Sunday, March 26, 2073","Sunday, April 15, 2074","Sunday, April 7, 2075","Sunday, April 19, 2076","Sunday, April 11, 2077","Sunday, April 3, 2078","Sunday, April 23, 2079","Sunday, April 7, 2080","Sunday, March 30, 2081","Sunday, April 19, 2082","Sunday, April 4, 2083","Sunday, April 23, 2084","Sunday, April 15, 2085","Sunday, March 31, 2086","Sunday, April 20, 2087","Sunday, April 11, 2088","Sunday, April 3, 2089","Sunday, April 23, 2090","Sunday, April 8, 2091","Sunday, March 30, 2092","Sunday, April 12, 2093","Sunday, April 4, 2094","Sunday, April 24, 2095","Sunday, April 15, 2096","Sunday, March 31, 2097","Sunday, April 20, 2098","Sunday, April 12, 2099","Sunday, March 28, 2100"
